1.035457318745837618e+01,2.183601410553853484e+01,1.491621103119285294e+02,-1.414884151461963002e+00,9.033632249133024317e+00,5.099292006284470347e+01,5.502964894309380739e+00,-2.438061616843439339e+01,5.489071879861227643e+01,-5.748641426692931589e+01
4.500060574664899349e+01,4.941827645887837406e+01,1.066878711269060318e+02,-4.705689740074644334e+01,1.567552482217436349e+01,-3.753517778145154438e+01,-1.534727363350856955e+01,2.651020844820120814e+01,-8.487099597570756160e+00,1.299912965447841984e+01
1.773589240536380274e+01,-3.560138098314641297e+01,6.873313164830087807e+00,2.533678361696745895e+01,5.792772616428369936e+00,1.807087046294504895e-01,1.563214311624518693e+01,2.492304061971721652e+01,-2.020795832875360853e-01,-2.048765903976047653e+01
4.181022118278026056e+01,-3.598010004502470327e+00,6.766242150568885450e+01,-7.172633754113242333e-01,1.815674881470942736e+01,-2.774400840733845186e+01,2.152587705343067981e+01,4.453111859594606869e+01,-1.394007600758656018e+01,-1.238366481758273707e+01
8.054737978570236123e+01,5.343215423003456266e+01,1.364510504098770696e+02,-1.658693557031256560e+01,5.613540399040802953e+01,8.869264394612244473e+00,4.865676131773487789e+00,1.831631736505866570e+01,-2.251188803800571492e+01,-1.054076678482597096e+01
3.547486400981130572e+01,-2.115826547318365769e+01,-1.009048543195581438e+01,-2.055386807618562628e+01,2.087185305617780884e+01,1.963921571011456280e+01,-1.451112437305612168e+01,1.568431136252407931e+01,1.744031281161475988e+01,-1.096742633763408215e+01
9.612593430899908142e+00,-3.154340049277955771e+01,-2.656915162307564415e+01,-4.423480495040224558e-01,1.788236311539330359e+01,-7.821195762654237882e+00,2.320691204192573132e+00,8.299422102663314149e+00,-1.322662344977610260e+00,-3.320243669207872284e+00
2.902982312499189632e+01,-2.953618809554616220e+01,-1.436377940950396503e+00,2.229353449493404415e+00,2.968172541736797854e+01,1.796944490375875603e+01,2.456525535108886604e+00,5.237717920502295676e+00,1.189736430389710620e+01,-1.011179978635885490e+01
1.312013703968261780e+01,-2.262935380863693169e+01,2.250422081020304432e+01,3.057782294268100109e+00,1.749049519908265893e+01,2.389553284573383962e+01,-2.501249881029567579e+00,-9.932952355568751557e+00,6.244818346091389749e+00,-1.065450558631080646e+01
3.415274442001852151e+01,-6.318235966199758025e+00,-9.194277163885011817e+00,-4.024494395107862488e+01,2.529017935143650675e+01,6.291053555226661587e+01,-3.803661912399488187e+01,-2.887057425354062801e+01,1.112210281942065038e+01,-3.542521604530844748e+00
4.851563480383197202e+01,1.457741685029569112e+01,8.323202645640854769e+01,6.121639168464194114e+01,2.077310622251386008e+01,5.029335191370268632e+00,3.612091828782101999e+01,2.561901453236372816e+01,-1.092828801711800324e+01,-1.627045635556093472e+01
2.578109366640600086e+01,-1.397848315178902645e+01,6.385766436411048907e+00,4.003826818258761300e+00,1.143088124618442514e+01,1.116249187838543833e+01,2.985680157546331870e+00,1.484453450072555292e+01,1.400950437619016320e+01,-2.179820377529184583e+01
3.384640547158100077e+01,-1.232783830370518530e+01,1.482417533493398665e+00,-1.178658655146469059e+01,2.321450789533290759e+01,-9.773403800309612421e+00,-2.013663260412914724e+01,1.434828099115011035e+01,-1.046749879527804872e+01,1.566099462371212248e+01
4.756002603086704283e+01,-1.169535017803968735e+01,1.630454256708312499e+01,2.751058695342029736e+01,2.506440665465511231e+01,1.505391321510042424e+01,1.627892669563097172e+01,1.814737434394920257e+01,2.792379622373174275e+00,-1.980185889789121489e+01
4.230094391163240175e+01,-2.344883566018841137e+01,-1.302801241564600643e-01,5.105784967569374722e+00,2.809852567512693966e+01,-1.224642642787684560e-01,7.409365584130755522e+00,3.298039943089396075e+01,-1.396157344953797441e+01,-8.478594902674023714e+00
3.123950618179416594e+01,1.090688440338037779e+01,4.838550007195453162e+01,-4.030251861416004289e+01,1.164336247347785758e+01,1.102839307401562507e+01,-2.031430595159758568e+01,8.746684501270459933e+00,2.922544782460901658e+01,-5.534657601041042874e+00
1.917446045468663840e+01,-1.556777746793267703e+01,-2.834726593278118045e+01,1.208248665537944078e+01,5.008161816490559026e+00,1.817108004324559989e+00,-1.098630255006786527e+01,4.161381888275101915e+00,-1.421234697504000977e+01,3.695895838789235555e+00
6.281529180546459656e+01,-6.279704167459806641e+00,3.273983834837982698e+01,1.136029632700416414e+01,4.897404874318882406e+01,3.976725553848254435e+01,1.176320104513689291e+00,3.054622109570712229e+00,1.956758673550516026e-01,-1.624414763003501250e+01
3.038186841987221598e+01,7.621895799285410611e+00,5.024502222950770403e+01,-3.216414358181943811e+01,-4.953984346185375642e+00,-3.199662013061696442e+01,-4.388147657595392381e+00,3.311354125884064814e+01,-2.702272569390885781e+00,5.816329884402927419e+00
6.856266405663374996e+01,2.286143139160752824e+01,8.393989719743656508e+01,1.972842073857881928e+01,3.954733281797950895e+01,2.592469833051541883e+01,2.380121856679038750e+00,-1.969164624527756757e+00,-2.078111963588434108e+01,1.483749742969420859e+00
6.395864353690308235e+01,2.800424852669810249e+01,7.765820138622221691e+01,-2.052707064639578149e+01,2.840464941668640719e+01,-1.532387069109276290e+01,-1.577701640643527448e+01,3.226370907315344994e+01,-1.297524097532428833e+01,1.965823956641092662e+00
2.325404031839073937e+01,-4.351213818109672893e+00,6.409710340985442123e+00,-1.904644770638742557e+01,6.115263704797269995e+00,-3.681389395014630850e+01,-1.129698935313721364e+01,2.962891570135395014e+01,-3.138481028019389218e-01,5.568795177831613152e+00
4.823488434620552567e+01,-5.154993254402399749e+00,1.750199839404469060e+01,-3.864642309074830706e+01,3.313812019557237676e+01,-2.014813387469437345e+01,-1.776295371475495344e+01,3.228471759820725850e+01,-2.927883966710165708e+00,5.052998109831635887e+00
3.940742018405443048e+01,5.112497487071215874e-01,1.401647424264470532e+00,-3.432956157820925824e+01,2.209864333609192855e+01,-3.074101239479643866e+01,-2.557199467398080017e+01,3.238504136946978207e+01,-1.468824631117213286e+01,1.860983736952803724e+01
2.983596929470246195e+01,-4.186373957209347019e+00,4.617025281866233399e+00,1.172099722410045963e+01,1.625404687721108132e+01,1.976792746045734406e+00,4.779541323208953862e+00,3.927403776934424773e+00,-1.521600077586675503e+01,-4.888010785756212173e-01
5.506626340106647888e+01,-1.503782410456693164e+01,1.822225747934119866e+01,-6.994332336406005268e+00,3.534975391024396174e+01,8.475674782861194245e+00,6.887002329272720935e+00,2.502405296644347032e+01,-9.719304005997237539e+00,-8.406922240485096509e+00
2.123915137034752476e+01,-2.128941050471409469e+01,-6.382735182777755867e+00,6.850385232371468014e+00,1.488836901643404609e+01,2.019438408406660201e+01,-4.717333322786735117e+00,9.645216865461428979e-01,3.558555327407879165e+00,-5.788848244169013668e+00
-7.547599919495920240e+00,-3.021655341094932723e+00,2.688854060024425152e+01,-2.619703386455949001e+01,-2.352909829242053164e+01,-1.335061610380035013e+01,9.177416235519446630e+00,2.462470367975393870e+01,7.334156432908133239e-01,4.142056516318677328e-01
1.854504231707072393e+01,5.751428548380982386e-01,4.707219818280823631e+01,1.046095455037460731e+01,-1.786589612783980030e+01,-2.082847555600249123e+01,1.397618059667254009e+01,2.663531766973102322e+01,-1.574284765116115592e+00,-4.067040032884398748e+00
3.286168388095144621e+01,-1.938882737507815435e+01,8.495821383615757227e+00,2.270502735222902757e+01,1.847327335682554761e+01,2.112375955219046642e+00,2.887855676175989039e+00,1.594416323012588244e+01,-1.093965927379269587e+01,-8.670538827631409262e+00
2.341495318812405557e+01,-1.263432350886785471e+01,-1.068973494280829151e+01,-9.686305492598799916e+00,1.134545768428270662e+01,-3.711585025698928320e+01,-1.513046642635944750e+01,2.909540117051310304e+01,-6.957552110273264034e+00,1.395850882879453891e+01
4.913002571151643849e+01,-2.667379095026657154e+01,9.819110512071828722e+00,-5.371332375851977758e+00,2.874764538405294445e+01,9.412437504910045050e+00,-3.869555343138290304e+00,3.029738206551983737e+01,3.630528777258168915e+00,-1.326104942543082821e+01
2.856713124057800712e+01,-3.562363370640618143e+01,-1.378451735158512825e+01,1.752863007618595859e+01,2.848641871012794979e+01,1.644481109460141965e+01,1.442044766739546802e+01,1.083350005185612730e+01,-9.177697548641894798e+00,-1.164270403698220058e+01
4.631765062143450962e+01,9.160685479206499338e+00,7.727118104564597445e+01,1.975074596959530382e+01,1.142002851760651971e+01,-1.409361806672302286e+01,1.074616904671466955e+01,3.287314292278733063e+01,-2.167243854523288604e+00,-1.485931385065062926e+01
6.573409440973568962e+01,4.071197994793816122e+01,1.172985728912694441e+02,7.412867393944372552e+00,2.929469468619843298e+01,2.731912254065646906e+01,-8.711009096169583188e+00,1.629631807077223016e+01,8.628325342335545045e+00,-2.874925333077426970e+01
9.662265468319944262e+00,-1.492629005781722284e+01,-8.249320670428483382e+00,-6.399025299878174700e+00,-6.553181340694705703e+00,-1.627347149576118213e+01,4.739096900312228300e+00,1.673365152520314680e+01,2.667653738472913094e+00,2.607581403544970922e+00
3.626485342717779758e+01,-1.659671024859762056e+01,2.410499058727195276e+01,1.415738597042347058e+00,1.994639083550912773e+01,-1.544186872228852181e+01,7.253535328024032225e+00,2.449762588286242604e+01,-1.470456391589982559e+01,1.108238041529805651e+00
1.450007230144071535e+01,-1.622491340489222722e+01,3.415591560054910758e+01,2.819291913599257526e+01,3.614071241021902026e+00,-2.362533519323349296e+01,3.460930254695477259e+01,2.397834690786624989e+01,-6.050684168867845436e+00,-1.807323117116962408e+01
-3.361835644042839633e+00,-2.199593661967643499e+01,3.007089789014667147e+01,3.993225992755380105e+01,-7.297457598494440312e+00,2.055775901951126983e+01,2.537140513696790123e+01,-5.732831765700540316e+00,3.164665788925698919e+01,-4.374656564663041536e+01
4.108684557177583230e+01,9.472918680498404242e+00,9.124425497808958596e+01,-1.511872808668790391e+01,3.444466856382088338e+01,7.873548023122667416e+01,-2.119729079175412778e+01,-2.354024548294970387e+01,3.423593634560560872e+01,-3.077321412896266750e+01
1.852912636816254377e+01,4.970695528475943092e+01,9.042156352231917538e+01,-4.101358151420025422e+01,-1.106508150374889787e+01,-5.206146078146044465e-01,-2.640043898381001597e+01,-3.692696561474889450e+01,-6.652107646419343823e+00,2.759623292407624362e+01
-2.048811421084241147e+01,-1.220274569047187718e+01,2.505900564550580611e+01,1.729284822707971259e+01,-2.761482407754457924e+01,-4.684700754862528527e+01,3.969209411975923985e+01,1.827812188753744849e+01,-8.606042671257657872e+00,-1.658822787365105000e+01
1.130452140760051849e+00,-2.158684633676859121e+01,3.509554134775306533e+00,2.340739434339920422e+01,-4.766009894991695361e+00,1.213142632923649877e+01,1.961695518763146495e+01,-1.729679198996378009e+00,8.799125730730683159e+00,-1.293481781188383017e+01
9.734439880523490629e+00,-1.392589932813427644e+01,2.231781548488101308e+01,3.076319681830685937e+00,6.608516922255050829e+00,1.859665575899408552e+01,6.527392750277438260e+00,-7.349239374873240749e+00,1.915392607660905711e+01,-1.749769777460836906e+01
3.467429553386507379e-01,-7.204014073393445017e+00,-9.922455419532377752e-01,1.513744526227741893e+01,8.798498881119980908e+00,1.347008944151710708e+01,2.100042848921700767e+01,-1.259363930389345798e+00,6.372599207561495227e+00,-1.882269826928849099e+01
-1.535497633178125554e+01,-3.175571460124319856e+01,2.067297737389696266e+01,1.094000107178288417e+01,-8.497621699701863207e+00,-5.762288955439532678e+00,1.605533237238306654e+01,4.860274883219832809e+00,1.284602350968885887e+01,-2.755904659691296388e+01
2.447224482923136790e+01,-1.612626269985631922e+01,4.910452797474502518e+01,3.039662045478939589e+01,2.663623829425909406e+01,4.311185422108346899e+01,1.636007815197289972e+01,-1.504613900017079153e+01,3.367122273889731332e+01,-3.559986882357461013e+01
1.252677077230003455e+01,-7.205651282841105676e+00,8.052515428672398556e+00,-2.553485593140313981e+01,5.627781532753998839e+00,-3.171087952902799856e+01,-1.786216367168943719e+01,1.966274655378015268e+01,2.964256737225352545e+00,1.119957979620968125e+01
3.804501867750171851e-01,-2.829664101212517124e+01,1.201082227114142142e+00,4.542992067985810678e+00,5.330766047931202678e+00,-2.744195857288843143e+01,2.352430100815275082e+01,2.102826638301161566e+01,-6.192269457719198344e-01,-9.659542292132812236e+00
-2.129905533050889233e+01,1.680423177401574764e+00,-1.951012483010746124e+01,4.044916958067256019e+01,1.428501086166701128e+01,1.055861898598506521e+01,2.967707769951677577e+01,-5.866722162428727216e+01,-4.450460942108604456e+01,3.683007848994138556e+01
-3.751106655546920621e+01,-3.537022234437912971e+01,-1.236855566778440085e+01,4.284722763758430375e+01,-1.637761336220480857e+01,1.611813314751325876e+01,2.359438744490680762e+01,-1.714688392264354277e+01,1.287844915724896566e+01,-1.392523768779694393e+01
3.245119690265177326e+01,4.734627059815629480e+01,1.349012179336069721e+02,3.700467589645395350e+01,1.975054556836501662e+00,1.259424586130885437e+01,1.341941872543727499e+01,-1.466761082214420675e+01,-2.344890062399751507e-02,-8.385673308050591856e+00
-5.845923470072240669e+00,-1.035380429291850390e+01,8.175197133772250879e+00,1.007556875855963767e+02,-1.618992101974582809e+01,-4.069538781415364781e+01,8.088817434385661898e+01,2.991654891545938710e+01,-2.999416427279991737e+01,-1.767071160602486302e+01
-6.030521357882902578e+01,-3.934395097293256782e+01,-6.182220101273030366e+01,-6.243060164266334056e+01,-1.409022021482835463e+01,-8.608605141508599345e+00,-4.050475439068902972e+01,-4.636729840730825503e-01,6.413650750671959599e+01,3.528788584490379243e+00
-6.145820539079890921e+01,-2.615540450307900500e+00,2.481954172889696153e+01,4.696898785280031063e+01,-7.868334707809640349e+01,-7.887392016548159290e+01,6.827079350547533920e+01,2.779440665324061044e+01,6.639099316031569664e+00,-2.800696144519164221e+01
-3.169505967046865180e+01,1.622099530506902099e+01,-6.505743132800892781e+00,1.236060673411063426e+01,2.535987380567574334e+01,1.441296952410379895e+01,1.105667189461049382e+01,-9.076901848045898191e+01,-2.250058664195504576e+01,4.079600525637614794e+01
-3.699075964411873940e+01,-4.409119996935655195e+01,-4.065434971577894174e+01,4.835532150721192579e+00,-1.087263415191052829e+01,1.983995590245773855e+01,-3.293671780828038465e+00,-6.226314802715229746e+00,2.592055539448018919e+01,-1.478601982925889402e+01
-1.658092960405906879e+01,-2.469406914524291352e+01,-3.699804690180625499e+01,-2.556807799204125331e+01,-1.475244548536946887e+01,-3.365544191925705775e+01,-1.282439180730288086e+01,1.803227062545047943e+01,5.113970893275291196e+00,1.872418002079553645e+01
-1.689816383551765355e+01,-2.544639186512515394e+01,1.092906742989162616e+01,2.200203839411171813e+01,-2.138770150387299651e+01,-1.894316103284277020e+01,4.016977158635042144e+01,3.190072178197667441e+01,1.931576596345356478e+01,-3.155993598061821714e+01
-2.242790417712600615e+01,-3.141907811726659361e+01,-3.449176175817457590e+01,5.994799766832181831e+01,1.404986665095256626e+01,4.990906141914118876e+01,3.160170056462672505e+01,-3.095154801521383447e+01,1.296718649246519917e+01,-2.905711460773726529e+01
-3.611644123879580803e+01,-4.310120133391126984e+01,-9.778077052373978617e+00,-1.893071415333442697e+00,-1.970457296620398324e+01,1.014887875571436204e+01,1.305590082438094157e+01,-7.985140095815922656e+00,3.224425112830064677e+01,-3.368389517815905521e+01
-2.711645564974582001e+01,-3.975913499889708902e+01,-2.882226206001152491e+01,-1.650459860125469547e+01,9.570228232733409612e+00,4.943218185532713704e+01,-2.076291301390018873e+01,-3.742755373581945832e+01,2.666327597690710149e+01,-1.229122953078446479e+01
-3.565382252609644809e+01,-2.591485747024023212e+01,-1.574298931877600261e+01,-1.208877766770512352e+01,-5.926517674114966105e+00,4.507770109765771593e+01,-1.323658982989613442e+01,-5.044373255813094659e+01,2.365727269059943083e+01,-1.740718731455873680e+01
-1.087027848587372247e+01,-3.790536372020164890e+01,-4.203591364400816843e+01,-9.085345808386209754e+00,6.370120055307163298e+00,1.740583154591451276e+01,-1.372958765354611010e+01,1.153977675998383967e+00,1.718003062593797381e+01,-8.323380272131187141e+00
-1.705410041351191097e+01,-3.738782732331557668e+01,-3.075441370484671477e+00,4.380987146878965888e+01,1.484627498233730236e+01,3.454076949273376584e+01,2.882694880887136790e+01,-1.858410087995528670e+01,2.952374451950003831e+01,-3.516002850337918773e+01
-1.465214789081603364e+01,-4.562508095222695914e+01,-1.650599979362405101e+00,5.251630474013017746e+00,9.020759930484929967e+00,2.872071652089320892e+01,4.021494606349558687e+00,-1.125227022233635488e+01,5.000344058784639145e+01,-3.631990148623268766e+01
-7.386726132285576618e+00,-3.946598635129825539e+01,-1.465823474970585671e+01,2.661913583319672583e+01,5.901578704261567054e+00,2.843607164921071728e+01,2.589558912387115797e+01,-9.794700634448293641e+00,1.449643242043896940e+01,-3.019291709684927838e+01
-3.171323707110159873e+01,7.761400757999136424e+00,2.585089838342202029e+01,9.260900451102322961e+01,-4.131016929611642752e+01,-4.656310750148600874e+01,8.291371898552928599e+01,1.439664288924208080e+01,-2.466871096789167694e+01,-2.538374310044615711e+01
-4.422341564125692059e+01,2.420652225951211989e+01,2.151304132798507140e+01,-2.706858646853369166e+01,-1.096005711163720164e+01,-6.601906024561556308e+01,-9.209720882534508490e+00,-1.894224755725439735e+01,3.524905734375672495e+01,7.738767132615990363e+00
-3.512373655423888863e+01,-1.516139572515489320e+01,2.081404861140313400e+01,5.752556929726463153e+01,-3.533734335359614676e+01,-4.143851793955322194e+01,6.310611124261286875e+01,2.544380792286726845e+01,-6.534784353351236419e+00,-2.812650133979127176e+01
-1.179936399434078353e+01,-4.588029483168101308e+01,-4.257507108519098438e+01,1.669273699193187355e+01,7.392203081126428543e+00,-4.620241137630038075e+00,8.821681868393643100e+00,1.291722285138803805e+01,6.177624470048842298e+00,-1.122102243416279599e+01
-7.818361223929716175e+01,3.327276636406983812e+01,-2.560357393593613473e+00,-3.856790909106283749e+01,-7.173648117659446655e+01,-7.590215279482460176e+01,6.032843789441499460e+00,-6.471741078974543093e+00,5.140778217783303461e+01,1.636920567151006978e+01
-4.105397535213946014e+00,-2.343869787333996868e+01,1.485728192527368741e+01,5.086246732696778139e+01,-1.789374706434314888e+01,2.210726587714351599e+00,4.348852900682746991e+01,1.712407975135322147e+01,2.857656934387494019e+01,-4.633222209642337930e+01
3.075715714487626595e+00,-3.565367812831159711e+01,-2.034568293657437366e+01,3.394708850246513521e+01,6.205737905082976624e+00,3.156889719496153646e+01,1.114867527731932384e+01,2.829131181639681802e+00,2.757835819456601811e+01,-3.038323920962932334e+01
7.403011804926832085e+00,-4.193865406485052461e+01,-3.549335734422886190e+01,2.411324444374774956e+01,8.403128120632889164e+00,2.660950764544928759e+01,6.711809262571204471e+00,9.483733541071979189e+00,1.302308376584278982e+01,-1.913703089416226177e+01
3.849900724624528436e+01,6.127419121019671877e+01,1.220129436278805599e+02,-4.435511118568973643e+01,1.429931326324084750e+01,-3.740554664259218498e+01,-1.510909136284973719e+01,2.652868248656353733e-01,2.542459612704551830e+01,1.930916447285590465e+01
-1.076269912467350842e+01,-4.786495599579769333e+01,-5.480318685072742824e+01,6.379372858887596642e+00,-5.685357482901850723e+00,8.263088738873902273e+00,-3.126683324528963137e+00,3.485502323174818340e+00,9.911371546490291840e-01,-6.852176463338810919e+00
3.636522307465918402e+01,2.079783680490022846e+01,9.443229545393928959e+01,2.750871342327575420e+01,2.300253310415850017e+00,-2.032197420738076943e+01,2.615436717579290971e+01,1.754496075334006377e+01,2.602792797759635235e+00,-1.132667459315107905e+01
1.879833723111062938e+01,2.083696916146438483e+01,6.675327320445786938e+01,-3.700229597346275767e+01,-8.083446637900632226e+00,-4.211494891255768636e+01,-7.721511566536161109e-01,2.501664425515541978e+01,-5.121409046146536248e+00,5.795187354024193382e+00
-1.561022594917164596e+01,-1.845404938957105756e+01,-3.613929672450756669e+01,-1.880108849003071825e+01,-1.009833033040119865e+01,-1.674738929075144256e+01,-3.629223911755384790e+01,-1.213029576275625310e+01,3.890064125872631617e+00,2.331488102225369019e+01
6.555749415337200681e+00,-3.609900009597370119e+00,1.501043653335709038e+01,7.748604866124624291e-01,1.652373268690193342e+01,-6.261924800294900173e+00,-8.665830562718015440e-01,-1.721748928055767536e+01,-2.274373029015957215e+01,8.156619548279525844e+00
4.844982719668829674e+01,8.953289041824433525e+01,9.572466375873042921e+01,-7.107565169210489842e+01,3.876048004897083121e+00,-9.109671140252741939e-01,-5.492205579587882625e+01,-2.470991227513272293e+01,5.924068556129249430e+01,2.684715815120132731e+01
-2.084044910924820915e+00,1.443482158845428209e+01,-6.219722183701941631e+00,-1.057596790251858820e+01,2.172355467891736680e+01,3.894626093735151073e+01,-4.380284004114824548e+00,-7.298669061947126124e+01,-4.849353169432408350e+00,1.691211260820318785e+01
1.552708825026340556e+01,3.971378898821012626e+01,8.417622157554548323e+01,-6.549296729000660378e+01,-3.475233616277664250e-01,2.409333345754110400e+00,-4.489322818517432268e+01,-2.530936034088428954e+01,5.167180681309516643e+01,2.133577579150134085e+01
-6.830747148162048532e+00,3.186748214129988455e+01,8.669441224910779908e+01,-3.840867866551960219e+01,-2.930166243662214853e+01,1.451361985801331578e+01,-2.409595978930273930e+01,-2.879181491564535378e+01,5.405459789321950836e+01,-1.375477055477643695e+01
-1.380087374284818935e+01,-9.989165644317241188e+00,-1.344173236548757089e+01,-8.464505923252089303e+01,-1.279178235877357395e+01,-3.744562673636734118e+00,-2.890303579008327972e+01,4.055555723901425047e+00,5.032911630575938489e+01,1.154006496014680039e+01
4.243416538845611541e+00,8.954731036341531336e+00,6.598572132695367998e+01,-5.104698005752970857e+01,-1.132514387564814662e+01,-4.157634509389101396e+00,-5.599046511491552636e+00,-5.401486045323720120e+00,4.803129205669422674e+01,-1.124712494090431747e+01
-4.420779342816224755e+01,-1.460500909311225648e+01,-1.487827630771940157e+01,-1.590937750216511226e+01,-2.213120401126100845e+01,-7.830325715376170947e+00,3.166084505091551815e+00,-2.103524016865351243e+01,3.006365426996436341e+01,4.782531247976799627e+00
-3.448133698659512447e+01,-2.230813289046957948e+01,-1.371548810332463120e+01,6.262875223333513475e+01,-2.508570046313487723e+01,1.560293029996525327e+01,3.047092095502931741e+01,-2.300653338831225625e+01,2.547982183969569192e+01,-1.997507986090383980e+01
-2.064738237862797021e+01,-1.282750580244904981e+01,-5.666794464558599920e+00,-1.052697242664636867e+01,-1.554375300251960823e+01,4.179224664298658354e+00,-1.789046702007530953e+01,-2.517571570310455797e+01,4.637344146239911424e+01,-1.006398525057562487e+01
1.007684010054549795e+01,2.062889492033093930e+01,5.174134314072268381e+01,-5.751454420033847725e+01,2.800204419348122364e+00,-1.446963488724672153e+01,-2.140331685922760840e+01,-8.078654653561495591e-01,5.230379680384803720e+01,5.908209549889083867e+00
-4.704608273106023830e+01,-2.929421766655999804e+01,-5.944418425795534944e+01,-1.619061252377537130e+01,-5.827823680847303400e+00,1.722816697865145485e+01,-2.410039008733610544e+01,-3.123486513061384429e+01,2.395293847607901228e+01,7.364162109872838258e+00
-1.427104364788946356e+01,2.411713713383312641e+00,2.403767956865507571e+01,-3.477138178458929474e+01,-1.634738450757653538e+01,-1.050488451080363039e-01,-3.007597319923855039e+00,-1.889746100776051208e+01,4.254316105669946069e+01,-6.416107154762915599e+00
-1.915098995743157317e+01,5.865056457755037478e+00,4.533015538266992905e+01,-3.631529810627511523e+01,-3.859981812109995758e+01,-8.435181414769893138e+00,-3.824186900777825748e+00,-1.083027471140018072e+01,4.796252073602629906e+01,-1.288563029762839740e+01
-3.102882157939093588e+01,5.046119114641192027e+01,9.057431110319130596e+01,1.317489319460848129e+01,-4.442066314520849346e+01,2.108617429127182064e+01,2.148337340610034474e+01,-7.754450837416771947e+01,5.003972112041015663e+01,-1.780834626632668360e+01
-3.696380032282108097e+00,3.076453129678379739e+01,1.025202519580857654e+02,7.525026583214141418e+00,-2.421326131873021126e+01,4.185483025529167378e+01,9.190542951547817196e+00,-4.728188763136277828e+01,6.251336245047168205e+01,-3.464746519231997723e+01
-1.712717903156664434e+01,-1.364845932423818908e+01,-3.051184452737832942e+01,-5.670445846620017250e+01,-5.681097611065636599e+00,-7.360940543939052283e+00,-3.221161197971247958e+01,-1.716577052086417510e+01,2.060041478799922388e+01,7.294686837661043199e+00
-6.603706861216319668e-01,-3.331164402869533347e+01,-4.131389382862341364e+01,4.398589433366498547e+00,-5.254112004619047482e+00,1.590950303960801904e+01,-1.210412360273134347e+01,6.598280313195203917e+00,3.234876437565894491e+00,-1.143008783486747948e+00
1.296278398312314017e+01,-3.076512331914558374e+01,-4.860550838806668850e+01,-5.339954618043156387e+01,3.710159982288151070e+01,-5.206326961952182586e+00,-5.527127728923515804e+01,3.473932462901577622e+01,3.318389489473514686e+01,6.457086544577594900e+00
3.058430570354353861e+01,-1.332961576889959332e+01,1.902322688530157624e+00,1.495892127663545601e+01,2.417450280125705220e+01,-6.005394197820679292e-01,1.416864833927822609e+01,7.688114943192414508e+00,-1.745939999011597976e+01,-3.380608931901488035e+00
1.105664973426126885e+01,-2.836820655289154658e+01,-4.305399028708427522e+01,-4.253078096818464360e+01,8.798239603581389900e+00,-4.234070931684394523e+00,-2.019110500676440623e+01,2.270361153446539859e+01,7.707098408079692264e-01,-5.804873591231062946e+00
2.027507778871557420e+01,-1.810772228821232588e+01,-2.249371675639105916e+01,-2.962322321107615153e+01,7.582970365204721119e+00,1.916317809452106502e+00,-1.863219642675767318e+01,1.870933042328225682e+01,4.028209047973218659e+00,9.714364003214406296e+00
1.896806041267180376e+01,-3.984775217054452412e+01,-3.563438736469890245e+01,1.294337427634073556e+01,1.469704322089884485e+01,2.633633522862741572e+01,-2.628921857304261867e+00,3.075987651470291073e+00,1.132730999391319138e+01,-1.581847519016153036e+01
1.100366081429103104e+01,-3.909559434732517502e+01,-6.289430742251131079e+01,-1.486086413805868567e+01,1.235775413949766133e+01,2.230571867364021799e+01,-1.518676364147434654e+01,6.500199279831659460e+00,8.736678689066363912e-01,2.806872580882519674e+00
1.081988118872776816e+01,-3.226216476429990365e+01,-2.464168831543303995e+01,-1.697469091845200140e+01,1.058729370640666723e+01,1.479993006062801797e+01,-1.357671338096719538e+01,-5.767842218185241343e+00,3.577254978861055257e+00,5.960763004040939173e+00
4.376998532625577099e+01,-1.935912129535205750e+01,-5.900381122573057802e+00,1.207697639862119665e+01,3.596815149162989655e+01,4.870327021812323665e+01,-9.486272879408632619e+00,-2.251050763216880668e+01,-1.386199793821931925e+00,-5.865449026942639144e+00
1.620123020004679004e+00,-7.866001556263944927e+00,-2.664231235502088424e+01,-7.206751196402873916e+01,1.381687893829402292e+01,-3.877664828986564061e+01,-2.964817980993988300e+01,1.742681503752103112e+01,-1.120784385867437116e+00,3.298837850190052023e+01
2.805668320097439405e+01,6.189530283387574272e+00,2.427290422595649133e+01,-4.671572353053074500e-01,6.945661537750225989e+00,-3.389296831678883848e+01,1.049462125372149224e+01,3.011861264671632199e+01,-2.322933084518321323e+01,1.421364276110419667e+01
-3.199779751395380956e+00,-3.358988588587275359e+01,-1.389919037908475907e+01,-4.031978339487404384e+01,9.172898482996103553e+00,-3.554694191467370246e+01,-1.053608270409083048e+01,3.111959126528575936e+01,6.970121094109704707e+00,1.600398502633456843e+01
2.708093394476434668e+01,-2.879469849127056591e+01,-1.021115235367510010e+01,2.240425729169235680e+01,1.510505973162174342e+01,6.461399287620617216e-01,2.090427263408405523e+01,2.752399306120188527e+01,-1.493987011026774070e+01,-1.627913544255244105e+01
2.953888663796905334e+01,-2.105491539465882056e+01,-8.151535790186436259e+00,7.712494231482810214e+00,1.079316527365307543e+01,4.325396981348874625e+00,2.557716395665611131e+01,2.480429675888446894e+01,-2.391113155904086085e+01,-9.206314811559774824e+00
2.276419670522664163e+01,-1.222000764770492864e+01,-3.493281364130851330e+00,-2.942632258223341513e+00,5.472041590622660046e+00,-2.254698646657586636e+01,-2.167941807531864828e+00,2.187987161470272568e+01,-1.128998380978332960e+01,8.959179720623122734e+00
1.024498253952822502e+01,-1.381441720460165001e+01,-6.030777692804378809e+00,-3.140339860682542295e+01,2.151981346208727608e+00,-2.246808439919929512e+01,-2.391403501628611394e+01,2.386215725929691445e+01,1.007129317547341607e+01,8.216727715645244956e+00
2.663306669707132102e+01,-3.738194908854731580e+01,-3.262572274068526212e+01,4.692682902078384188e+01,2.214647632595975679e+01,2.871958005807717029e+01,1.864602280553647518e+01,1.375139057359090877e+01,3.959367125830189238e+00,-2.582269609282982259e+01
2.587183210006480039e+01,-1.752942946211604891e+01,9.047434752819350834e+00,-3.036326902214768086e+00,8.423955962859432489e+00,-1.551191915268695887e+01,-1.059919547318009059e+01,2.096171495383315886e+01,1.727067212165775412e-01,3.278151022513797752e+00
1.219034798034857481e+00,-3.339660388823176618e+01,-3.973519552345300099e+01,-1.853791442378148346e+01,-1.159502359141118077e+01,2.017941964818207978e+01,-2.184535924472731239e+01,-1.739622428218055239e+00,1.217627225554963921e+01,2.054198776270161453e+00
1.218201801848921306e+01,-3.149986775856193333e+01,-3.304892179635101712e+01,-3.547292618024730615e+01,2.018610237837811994e+01,2.622575960605864509e+01,-2.846284940902014782e+01,-1.237879970568399823e+00,2.107908838648619820e+01,-8.073178759547856131e+00
1.444293867980340984e+01,1.663667224052726112e+01,1.003114999932661888e+01,-1.822935932670540282e+01,2.541636066232808489e+01,4.690446922018393749e+00,-2.995905094066638075e+00,-3.751278380120356815e+01,-2.970980261693771141e+01,1.965861681002636274e+01
2.821167614654972411e+01,-1.158112493855685976e+01,-3.317491934240188556e+01,-3.825938624496154716e+01,2.785803279112133168e+01,1.135304526279250581e+01,-3.767966729188125896e+01,-6.675181245986436807e+00,-1.392997951069553331e+01,1.131450138660528637e+01
-1.416781942064897919e+02,3.497793862274271532e+02,-1.186354546159421943e+02,2.187115955288826186e+01,-2.616568058272707020e+01,4.828309130164190321e+01,-1.763113975849244230e+00,5.240640931613288700e+01,-5.996879119478049525e+00,-3.475008647683969798e+01
-1.438247728974554889e+02,3.479650357016635667e+02,-1.150232498520507249e+02,1.773149979866925463e+01,-2.510160872892572925e+01,6.281293330606546732e+01,-2.386278282264644890e+00,5.209648367177887707e+01,-1.307438894535646234e+01,-2.596329033516027351e+01
-1.371714051888388610e+02,3.479646270544241702e+02,-1.253487376468214904e+02,-3.424527658848137257e+00,1.549884167970332349e+00,5.624007715233677374e+01,1.770512941060012002e+00,5.718561128373989533e+01,9.732343431607970441e-01,-3.196837677311116721e+01
-1.804480382169389259e+02,3.601425165208246995e+02,-1.370438042043533073e+02,9.724637720434630594e+00,-1.998682066277014258e+01,2.710021840820738959e+01,-2.831567859072496862e+00,4.816308420354955899e+01,1.627930793998692138e+01,-3.892996530168235836e+01
-1.671969744797196142e+02,3.586975941514640454e+02,-1.305851811423849824e+02,-4.159140258699952852e+00,-2.056803787834224551e+01,2.821288150639129100e+01,-9.656387608838404191e+00,5.334432702711706753e+01,-2.029390161500546963e+00,-1.772940465880126126e+01
8.111531047898832725e+00,7.936241347497339405e+01,1.433093199768854618e+02,-2.108348401434240671e+01,-4.803523492530646877e+01,4.361380861551709387e+01,-2.422069241753078828e+01,-5.793261914201929841e+01,7.698685157108243970e+01,-2.193348355689085594e+01
-3.024606206615658976e+01,6.481342304158236090e+00,2.680029139087516654e+01,1.683787215675906168e+01,-1.798720772646016286e+01,1.163993956231591298e+01,2.003081114204025681e+01,-5.295715841747851726e+01,3.592266071169503761e+01,-1.114562748184318153e+01
2.915098727484501495e+00,-2.917095251946509649e+01,-6.570374480780793114e+00,-1.777594440482291915e+01,4.684394911979103959e+00,5.372039790145222149e-04,-2.723231681169590690e+00,1.066319632097457237e+01,1.746856940360846977e+01,-5.534701262445319792e+00
7.681380209708292384e+00,-1.804958934907277168e+01,5.650905878748810451e+00,1.396897794593451003e+01,5.386266358614181016e+00,3.278817736024919327e+01,2.057397993145436921e+00,-1.502986849760826971e+01,1.753600480319166977e+01,-1.429750012623986599e+01
-3.219380358238426254e+01,-2.457491911296272491e+01,-5.758277433369987364e+01,-2.939555243829837750e+01,-1.372870690497140878e+01,-1.995197969250058323e+00,-1.164534400091521782e+01,-1.268536880024084290e+01,2.048983682218847946e+01,1.715612046041899985e+00
-1.063739963488371920e+01,-3.564163745725269905e+01,-6.714681238985770051e+01,-3.314590359899096939e+01,6.612058334329681486e+00,-3.091893724909080987e+00,-1.729389778897954955e+01,2.783495405899521913e+01,2.456137020165706630e+01,2.728132790395417562e+00
5.366879045672260595e+00,9.031450239397189605e+00,2.983137605318330543e+01,-5.468110192833205474e+01,6.243191591666396256e+00,-2.338975640379360144e+01,-2.769705249279502368e+01,-1.743938374451000861e+00,3.059776442173760103e+01,-2.364144334229845601e+00
4.260840439123966483e+00,-2.999098355969837471e+01,1.590661563142895396e+01,2.499313644347190788e+01,1.589522661666416203e+00,1.672393714908535856e+01,3.404105767775568836e+01,1.718785925773502754e+01,2.720405066835907704e+01,-4.891838360666130825e+01
-9.001736531551939535e+00,-1.784160823287054498e+01,-3.042695983861590037e+01,-4.328873357688086543e+01,3.800569641940416243e+00,-1.680621240747748146e+01,-2.439450273124409208e+01,3.658813459545860791e+00,1.029332020242154577e+01,7.204708195197715881e+00
-4.958473936396698534e+00,-1.231503047399274919e+01,-2.036511037242112820e+01,-6.544018274385466327e+01,2.489767583598888390e+00,-1.820412295842681871e+01,-3.346882283664324831e+01,1.960791644968585956e+01,3.292056311097478982e+01,1.216422677908825456e+01
2.973877528380417701e+01,6.189725290490696530e+00,4.796113334006756190e+01,3.070932777171273287e+01,3.998020784449263232e+00,-9.519843068936349795e+00,1.139336009000704308e+01,1.202262409169266100e+01,-1.358737087071116356e+01,4.082731737369289071e+00
3.381635138765359816e+00,7.099157971202140871e+00,3.504573460516006378e+01,3.823450808171585003e+00,1.144013069192230247e+01,1.674578688797691939e+01,-3.988460041201816964e+00,-3.751523265224822978e+01,1.510508160757225493e+00,4.783982353397986387e+00
5.687050166905005000e+01,3.382657285172930983e+01,1.000201907962948695e+02,2.048106775021246406e+01,1.436791053571647936e+01,1.631775326401987058e+01,-1.811554090752401258e+00,-1.346252571659315400e+01,1.242704465862329855e+01,-1.434271751044568610e+01
4.147896359975047176e+01,9.832252247066131545e+00,7.473332681111958209e+01,2.628913577763990972e+01,1.346424427078289554e+01,5.035501057041241957e+00,2.522436178109812488e+01,2.552855797648683200e+00,1.035999690588158728e+01,-2.506261215404612130e+01
1.158493499727902076e+01,-1.233144775277748728e+01,-4.347077229597178238e+00,1.852260634463126721e+00,-8.145882461147360587e+00,-2.192374976922212682e+01,3.504597271056011820e+00,4.490708310752912880e+00,-2.380393992379673307e+01,1.014619471246263593e+01
5.405191118452057708e+01,3.352871491046610419e+00,6.604349128336151864e+01,2.951679410213086641e+01,1.855089244789835234e+01,4.364282280513343437e+01,3.807711696351741892e+00,-4.153466677789376504e+00,1.491842584594528098e+01,-3.281637572164763128e+01
2.825212422973926607e+01,-2.601793110464178227e+01,1.066567325728891547e+01,3.766818117731649096e+01,1.183046579255117337e+01,1.130529506109175486e+01,1.724016838044925493e+01,1.758932431588291934e+01,1.390467894639618285e+00,-2.165783687194852547e+01
7.366020061449924050e+00,-1.510949759845787810e+01,1.357619390967831308e+01,4.130773934109596368e+00,6.372363167942401319e+00,3.764773211395176133e+01,7.745529975133651490e+00,-1.274844959583489512e+01,2.886209321327606503e+01,-2.838737522661856261e+01
-3.221269327690677642e+00,3.776078619072345077e+01,1.202890770932152265e+02,4.412756275138205098e+01,-2.023212054199607479e+01,-5.299282541509812816e+00,3.487911031924083005e+01,-1.588163481096248297e+01,1.561759806875537038e+01,-2.489222636275509615e+01
2.516211349846260958e+01,2.389830365730956174e+01,6.084196488279856396e+01,-2.514638223066994271e+01,2.017546154313835416e+01,2.573876400352781957e+01,-3.543136444918739869e+01,-4.026452491161996505e+01,1.127325175620986464e+01,5.073702195314396590e+00
3.327095369310896000e+00,-1.358888325790475449e+01,-3.782821984982420283e+00,3.666417624965976074e+01,-9.554087755341649668e+00,7.630136819085508115e+00,2.171855508223479347e+01,-1.533392993107517377e+01,2.428223622590634623e+00,-1.909889359024688105e+01
-1.154735549541582351e+01,-2.743444991326819249e+01,-5.164574125277254524e+01,3.655014751031823295e+01,4.040172214543872542e+00,6.232374163732321115e+00,1.787944741832563977e+01,-1.057969634885013654e+01,-1.995657905506536878e+01,5.657735429054118192e+00
-4.469181469391100592e+01,-2.046425175123463092e+01,-7.110669960225189357e+01,-4.269676978011755608e+01,-2.682918983254289103e+01,7.358751656568789379e-01,-2.511109477513693733e+01,1.612671687970149259e+00,3.716653667883714718e+01,7.252929478567836874e+00
-2.376929471497104629e+01,-1.814616144010792453e+01,-5.089981483885367908e+01,-1.107332265392679282e+01,-1.549547999109610252e+01,-1.263434458873274657e+01,-5.353872566718884229e+00,-2.408185453614266169e+00,-7.463979649974487707e+00,6.163966668995477072e+00
-1.447031559653009936e+01,-1.685207962434327200e+01,-1.894014691805926276e+01,8.328931985524762993e+00,-2.152349332227673173e+01,-1.087671654963736145e+01,6.510029847868279873e+00,6.246622881036872243e+00,1.433104428576749179e+01,-1.080513932058274618e+00
-2.457967286522629280e+01,1.976733247928845216e+01,-5.514055694289699971e+01,1.494021383052904461e+01,-1.820801386789497212e+00,-1.700375876569685252e-01,3.610416964242039839e+00,-3.885415121894387624e+01,-2.524706364114309665e+01,4.310245861444992244e+01
-1.671259615438527035e+01,2.520212178264089786e+01,-7.051432651388255124e+01,2.175707598084852989e+01,3.453126805944138766e+01,2.784173686049873098e+01,1.248300672506325171e+01,-8.031230958420469790e+01,-3.565452934245013239e+01,2.864448126639260650e+01
-3.023082589743984272e+01,6.668837336742203092e+01,8.041845716324174020e+01,-2.978061361990582867e+01,-6.236942194145870388e+01,-2.594739324514398859e+01,-1.258528962001603091e+01,-5.013797622523924957e+01,2.688205709629665208e+01,1.310664146890807480e+01
-2.772064240768260035e+01,-4.618412384656674696e+00,-7.543137166753147937e+01,-4.078620057759049011e+00,-6.622284376642703307e+00,-9.817777620917186310e-01,1.092885735870783925e+01,-2.890007788889104035e+01,-2.232297127564885031e+01,1.495769190086303624e+01
-4.503942276798666455e+01,-1.335144073677530585e+01,-1.442671426175433602e+01,3.810813839516410617e+00,-3.607807640106775438e+01,-3.297897007762264909e+00,1.580529771688319052e+01,-1.319092326971204265e+01,2.558205392149688606e+01,-1.576759598679737984e+01
-1.449647055995996192e+00,2.335233757124884069e-01,2.206328696628933983e+01,-4.184400259896971619e+00,-4.559201165127651501e-01,1.819455063050733301e+01,-1.564564449428553994e+00,-2.298941195758958855e+01,1.035691611837518122e+00,8.803783665029925487e+00
-5.806871626540647924e+00,-2.638485358377843149e+00,-2.752888252894645049e+01,-3.045220951806576437e+01,1.285891331650219449e+01,-2.245385343428322145e+01,-3.114728433246704853e+01,5.621743300346022210e+00,1.200849246067897891e+00,2.522581298288758944e+01
5.007386124365867275e+00,-2.383766719541394963e+01,-3.754616855277265586e+01,-1.941253525483153552e+01,7.148033144857400600e+00,-1.221142058420137744e+01,-1.824934673636510185e-01,1.167757825625997192e+01,1.914139410419715137e+00,5.388504802247805481e-01
6.176686634554378053e+00,2.846162686514669105e+01,7.768292686799493474e+00,-2.646709707032456294e+01,1.240955091582549663e+01,-4.165417290933667260e+01,-1.327532233500032710e+01,-8.259510187062359066e+00,-2.319928551149690676e+01,3.332058421869813714e+01
5.020847486585013009e+00,-7.997600948976033131e+00,2.334619125430517528e+01,-5.532157672331164955e-01,1.794512424218776880e+00,-1.071192039688652287e+00,2.249832544529174694e+00,-6.306854868764425470e-01,-1.575800785732999287e+01,6.210923331456693397e+00
2.439627101686726862e-01,-2.384354933807960109e+01,-5.807325931267087071e+00,8.563509639998700962e+00,-6.406219040959842737e+00,-6.631398054158415434e+00,1.316701473467763606e+01,1.295662738981902606e+01,-1.504443356853969327e+01,-6.871858295594320820e-01
-1.709970553151453743e+01,-1.589412636055637940e+01,8.766726272201328385e+00,4.511463434340881484e+00,-2.235274880352330484e+01,1.432905874697782300e+00,7.424690045179026754e+00,-4.438939886394095424e+00,8.956070585981873222e+00,-9.282935426400992895e+00
-2.199316211446275560e+01,-9.035634575226474396e+00,-5.948859563486096391e+01,-1.064599800540262642e+01,-2.406814975161021497e+00,-8.758527526298282240e+00,-8.507294755934646346e+00,-1.297605503343829270e+01,-2.902584669616623536e+00,1.875995541565866631e+01
6.348760047645877336e+01,5.696211989850105084e+01,1.068177643970983155e+02,6.365533829267850940e+00,3.358863773740553427e+01,-1.902951580111447782e+01,1.396981689364955592e+01,-7.388255059307796024e+00,-7.651450507314544325e+01,3.415866600471466086e+01
-8.056510995676859466e+00,-2.601698813137100075e+01,-4.837788015918075502e+01,-2.242334119191207620e+01,1.169925280738843476e+01,3.097671351906923931e+01,-2.815964135135487822e+01,-2.179244649581591986e+01,1.323466048917217641e+01,4.031078352807458742e+00
1.115461644994687873e+01,-3.889033287931400906e+01,-4.120587937718769922e+01,2.044509424050413315e+01,6.365210098011480078e+00,2.697869343382794938e+01,1.031134077294100848e+01,2.103271354752761368e+01,2.015708085810130612e+00,-2.048225295425930170e+01
1.834600287992502743e+01,3.361579541140445571e+01,5.373075346055016155e+01,-1.321471852949853343e+01,-1.732358714439961034e+01,-3.301033517061885902e+01,-1.680539940558970002e+01,-3.836295584241710799e+00,-2.238512709457263128e+01,3.025621765572933697e+01
6.035660065087326842e+01,5.845509510807123377e+01,1.263795771310726224e+02,-2.704545143897426840e+01,8.499970493997565768e+00,-2.046658367542572421e+01,-1.339508270143629431e+01,1.986384617893236992e+01,-1.328438014589501215e+01,2.266128193101864596e+01
1.315055936378363377e+01,1.545752971797810460e+01,6.290413975925326895e+01,3.300824683207441268e+01,-4.339044513704823025e+00,-3.472761949294613970e+01,3.532514057616428005e+01,-1.431631543675786711e+00,-4.804681654238467559e+01,1.712874955074183703e+01
-1.239203233364542278e+01,-3.789634671397391230e+01,-4.730958083104884793e+01,-1.214453657154217936e+01,-1.902153949565400026e+01,-4.691635147009564299e+00,-1.599967371895365176e+01,1.698063460372389244e+01,-5.533034845492919018e+00,1.327586516398198491e+01
-9.633181447969311861e+00,-3.967772752416839666e+01,-3.922194591264966590e+01,-2.744123886030104487e+00,-4.236708742287881080e+00,-3.360615255491411091e+01,-2.741547968430856130e+00,3.217197960158068071e+01,-5.585662227194601925e+00,4.091792495390387252e+00
1.973659637134619560e+00,-6.379647915846070383e+00,1.473756517934798005e+00,-3.011783227031659393e+01,-1.135898128127980078e+00,-4.182427311877090403e+01,-1.010532950574225808e+01,1.834410124376189799e+01,-2.037925017345449064e+01,2.724856607074920944e+01
-6.483974920814319365e-01,-2.093981566601057764e+01,-4.464808512372199090e+01,6.524321270884483326e+00,7.515615304393567619e+00,-6.031529659748476213e+00,-8.585839531262767110e+00,-3.116117520484381398e+00,-3.719422056024725265e+01,2.823602975073785970e+01
2.497005469318376925e+01,1.147951312670468660e+01,5.879134723391355521e+01,-9.950726635691959920e-01,2.142564015868650973e+00,-3.790294295506080857e+01,-7.079498564600906541e+00,1.676498190601081006e+01,-3.609043595449857378e+01,1.481218276817028645e+01
9.919038724311105781e+00,-3.998774505381035027e+01,-3.211566366696479946e+01,1.165168610303262753e+01,-1.232159863954909840e+00,4.707875651273552009e-02,2.075243279353516712e+00,2.016002312008938446e+01,-6.520939631436689865e+00,1.184377249276737043e+00
-6.075839600757785064e+00,-3.961822916833779828e+01,-4.280128394866252250e+01,1.420700866299645782e+01,-9.962528627109868973e-01,3.419773206450118952e+00,6.357359685732456356e+00,1.215027102547539961e+01,-4.600240179673525276e+00,-2.658775866159264645e+00
-1.552352350508612844e+01,-4.212263254326798290e+01,-6.418848266052566487e+01,-7.286369628885817740e+00,-1.009187068004756860e+01,7.435044624784442391e+00,-1.127724759096972207e+01,1.013531173442349242e+01,-9.217618447306558105e-01,3.242718552269225007e+00
1.771292456583224961e+01,3.635568465132894556e-01,-1.062366132279135833e+01,3.263292011855998709e+01,2.485404218100621421e+01,-5.661989971086925699e+00,1.368139296672601013e+01,-1.783498200480547879e+01,-3.304650700193812440e+01,1.295737606025705801e+01
-1.070376107265821730e+01,-2.717800834680657118e+01,-6.104396994398499032e+01,-1.226052371150412945e+01,-6.753324412033136603e+00,-6.191207703492931813e+00,-4.293619494051263530e+00,1.033311230803847636e+01,-2.495122110090852985e+01,1.355089069878217778e+01
-1.568061724096512322e+01,-2.100678250980991990e+01,-5.930853793692799059e+01,-1.631140534233554718e+01,6.013205865108856685e+00,-5.844091776676691552e+00,-1.421301117752104215e+00,-4.982598438462000345e+00,-1.461630023574902282e+01,2.481114786623752977e+01
9.685194529313561063e+00,-8.238184055427671737e+00,1.971165834285268037e+00,-2.673170927802274832e+01,-1.214715590446172833e+00,-1.363717458806254967e+01,4.589593472284613007e+00,9.987480261278957272e+00,-1.414500306111656691e+01,1.373191831588633427e+01
1.270522999094294114e+01,-3.098399430071580340e+01,-1.537145646268185928e+01,-1.599423113521216244e+01,8.701730719336612907e+00,-1.827106615295912917e+01,-1.032413399924044572e+00,1.589148782340777721e+01,-1.319658071647737252e+01,6.602291604881482812e+00
-6.292092032415595781e+00,-1.153530725005797120e+00,-2.353623225503078942e+01,-6.344493830236815057e+01,-5.991189519918669326e-01,-4.696962702226333164e+01,-3.813379561896942249e+01,1.284546541658698970e+01,-6.605367900427481231e+00,2.547725798645447881e+01
1.326635502354383789e+01,-3.350262370552099611e+01,-1.223577989022230206e+01,1.351644102440274153e+01,1.408464756931597428e+01,3.279339754545532060e+01,-9.600459087711559647e+00,-5.625515002489619221e+00,6.396476608907489592e+00,-6.578401625495876814e+00
-2.132664505395819177e+01,-2.929407251764793330e+01,-6.335831610721893981e+01,-1.908044212143776974e+01,-1.231568224041531145e+01,-2.391879374502158839e+01,-8.511522564605201069e+00,1.595232316495028968e+01,-3.497908933570580831e-02,1.424638033599135944e+01
-3.295199021420592622e+00,-2.205167805961323069e+01,-3.936194054914967211e+01,2.955952650650327751e+00,-7.798768068018648414e+00,-2.619760064208212924e+01,3.535312773915241458e+00,2.180681657164637954e+01,-1.194083240845159821e+01,7.527731998810505587e+00
2.794921437645271567e+01,-8.476032432875792111e+00,8.458811743563815710e+00,3.721522376705053858e+01,2.115562320395433105e+01,1.163898434637197177e+01,2.205463568099296623e+01,-6.589967712180165194e+00,-1.623876603524701423e+01,-8.533107451456370285e+00
-1.942981302711995539e+01,-4.596780603785911024e-01,5.476241908075275688e+01,4.424001940218091988e+01,-2.767615968100137280e+01,-2.237550808675274894e+01,3.927384161566870802e+01,1.555293424824875004e+01,-2.924177540661022690e+01,-3.404015921832003855e+00
-2.222114009502386978e+01,-3.867036422629919912e+01,-4.557368506148052489e+01,-1.856301069183493979e+01,-2.298042907581142380e+00,8.887823417755565947e-01,-7.702676480914786517e+00,8.863980413733004937e+00,2.070683164549195610e+01,-1.129070892221939637e+01
2.012475592080102160e+01,-2.256642194850173055e+01,-1.593648064686569121e+01,6.614910129999305610e+00,7.653165142681628730e+00,-1.204321964107689347e+01,1.270561500946038436e+01,1.758983986056012583e+01,-1.250324991439081224e+01,3.346112924861900151e+00
1.583065151729737607e+00,-2.611401674469199818e+01,-2.145215555436292831e+00,3.262223801695230208e+01,-9.133254936756845410e+00,2.347277172112721999e+01,1.680806836154228279e+01,-1.015542677833312979e+01,2.670909393163090062e+00,-1.075427933876459186e+01
1.264850759122017898e+01,-2.855692281077977057e+01,-3.705221229168869712e+01,1.484331666004029948e+01,4.375902790560011191e+00,-2.718128512294230248e+01,1.522535719115483843e+01,3.309730211695742241e+01,-1.565737506477636209e+01,2.527036256363795363e+00
-1.718902492106957425e+01,-2.617167482132580147e+01,-3.535066494162739303e+01,2.509329769217121964e+01,-2.119669424577441319e+01,-2.310682981967112681e+01,2.118853430854282038e+01,2.270289672788217672e+01,-2.269396603016377512e+01,8.269901890775727793e+00
7.940319145697233694e+01,9.671976372449663018e+01,1.580133726526128726e+02,-2.626633547328124862e+01,3.779029932188821306e+01,-1.214167996204182920e+00,-2.336151538227733226e+01,-6.529070643023078269e+00,-5.995406267296329617e+01,4.366812044846035690e+01
2.116115233131381501e+00,-3.244036814219590070e+01,-3.681762060903199796e+01,4.490931235268901922e+00,-5.992178497879145027e+00,8.608058472713866038e+00,-4.104042755959548927e+00,1.181033852499338366e+01,-4.837885000700168803e+00,5.394644752876275540e+00
-4.484617231638086565e+01,-3.016234946931151129e+01,-5.686695388577156507e+01,5.318189417234416183e+00,-3.762253190332410924e+01,-5.230656315575640924e+00,1.172015676185800181e+01,-1.534017044155078890e+00,-3.518618286650421645e+00,3.620307812473624764e+00
-2.810211549598817271e+01,-1.852462454334171937e+01,-4.344114292847146430e+01,-2.943055663925668242e+01,-3.452666523563299705e+01,-2.890835794759521704e+01,-1.240163928434155416e+01,2.428388898865670242e+01,-4.851952834088350208e+00,1.259092675758176227e+01
1.265004719492656582e+00,-2.497390175056959194e+01,-2.245674912050432681e+01,6.366995675660362508e+00,1.198609725230116041e+01,2.033339459976945918e+01,-9.154392069949754074e+00,-1.961736632534980274e+01,2.101843996421931315e+00,-1.734884483107480335e+00
-5.055251050768469590e+00,-4.086605268314315964e+01,-4.803946529975001312e+01,3.180222263273740424e+01,-2.118238816621650145e+00,2.291456146082719414e+01,1.195907990015500388e+01,4.507828780990002393e+00,-1.867771085069724890e+00,-1.580311353018718989e+01
-1.357019478265564949e+01,-2.876449762097383811e+01,-5.311281411029499822e+01,1.340560920191061989e+01,-1.310101608455957845e+01,1.235029871422007197e+01,4.071142896709994297e+00,1.305881165457221327e+00,-9.374267764486910792e+00,-1.615320807540366665e+00
-2.154008607959842170e+00,-2.646512263118362895e+01,-6.437745598033173167e+01,3.336343567468787086e+01,5.761486327666553109e+00,1.080317727381497583e+01,1.995128437087482220e+00,3.007267671529334940e+00,-7.156985330709999538e+00,-1.369083838178162260e+00
-1.235736729541793899e+01,3.167969777446604240e+00,6.563156312837960193e+00,-9.463984012929726575e+00,-1.815949923022206391e+01,-6.703196604973893358e+00,4.909312025473798968e+00,-2.406856943654632630e+01,-3.759133045406473883e+01,2.017369840263972236e+01
3.201263517257911673e+01,2.652629563154021852e+01,5.854029350051160918e+01,9.794108124214323752e+00,8.081802462377892127e+00,-6.997695742960883258e+00,-4.607509523788118955e+00,-1.251795195378197256e+01,-2.440541137937267990e+01,6.850375891931888006e+00
-2.560330288656164655e+01,-2.697414305763290443e+01,-3.794212720783539083e+01,3.930354309462222062e+01,-2.961861615609672871e+00,4.057086556286322576e+01,1.237740543350091826e+01,-2.181653842142007349e+01,1.539160071872724300e+00,-1.960527347849232882e+01
-1.373719113620314403e+00,6.905392812895255972e+00,-4.430458399990051532e+01,1.746550069649855885e+01,2.992989629024656040e+01,1.379040720126837982e+01,2.581935798135546989e+01,-2.480409160028237281e+01,-4.564278190374569988e+01,1.263175084316553409e+01
-2.746453943027053590e+00,2.481046338074327551e+01,-1.750479308857601168e+00,4.856201067978439312e+01,1.504977391319508762e+01,-2.084107372341279074e+01,2.047739775027487852e+01,-3.928240809467322237e+01,-4.637099980815451516e+01,3.903942966013743643e+01
-1.827271119374856667e+01,2.068005594232444011e+00,-2.141770100705286117e-01,-3.192491902997208442e+01,-1.353814795974327367e+01,-3.261255008916863574e+01,-1.721916349991733242e+01,-3.575253625849190708e+00,-1.197607489109900669e+01,3.216759178772499439e+01
-2.631805081516388256e+01,-2.685371311100839264e+01,-4.767707052663343603e+01,-1.726542621438920122e+01,-3.343095419356292286e-01,3.006220838976961574e+01,-1.828936699075885741e+01,-2.434437881273962034e+01,1.272341788648892269e+01,-8.823964075631005599e-01
-1.702716658027478758e+01,-8.040084941867878809e-01,-2.532158780949669286e+00,1.221902022222200124e+01,-4.589807475163541284e+01,-5.589033241257178730e+01,8.962415358305747759e+00,2.190293187954628706e+01,-3.309030907074088645e+01,2.045671859951126947e+01
-2.715728486197940938e+01,-2.831579954490500839e+01,-5.362879104896238402e+01,1.583136240384313176e+01,-9.002600297589310685e+00,1.317014025758737894e+01,-1.865744722870363859e+00,-8.446055219232128763e+00,-6.102390713593199401e+00,2.646895414788583256e+00
-2.477502803200435366e+00,-2.961772602226203688e+01,-3.115769008557233022e+01,-1.477779574525706607e+01,1.007896265337744524e+01,3.749851707431238879e+01,-3.424341021987353173e+01,-3.075915138892964507e+01,1.986497578904149819e+01,4.966238424524044071e+00
7.778780282737465690e+00,1.809639849548656798e+01,6.292121843097640976e+01,1.072470189919148442e+00,-2.793658790782237489e+01,-2.765030919270875387e+01,9.334099714829262595e+00,1.086355283833725593e+01,-2.798505358676184684e+01,1.306075098643911936e+01
-5.321909723055125774e+00,-2.463045213983246029e+01,-3.234243234029325009e+01,5.692365097438213439e+01,-3.871702978433939180e+00,3.200610182032398399e+01,8.010977946771900449e+00,-1.873346394942642590e+01,8.484098492911545941e-02,-6.043532308536560649e+00
-1.500984631001749747e+01,-2.272220505888321540e+01,-5.243227503081826057e+01,-1.578388815558190927e+01,6.001812287833272030e+00,2.074036075805495472e+01,-2.253625761666190996e+01,-2.973863677353603663e+01,-1.156004945171196496e+01,1.514866511734706656e+01
2.548902480682687965e+01,-6.542303087402001616e+00,3.890015174779105855e+00,3.114260943394954850e+01,8.062288135371384001e+00,6.181667971100861081e+00,-3.689434887782415684e-01,5.291256302748075235e-01,-2.153507917743644029e+01,3.024160008003122346e+00
-5.393242034098721938e+00,-7.032673193079950202e+00,-1.479083096317106261e+01,1.701946739028382183e+01,1.122957469913793460e+01,3.851515579779183907e-01,2.994201964163155427e+00,-2.920536846256969099e+01,-2.773563113559426441e+01,1.952966183241680653e+01
-1.751271131024190453e+01,-3.725296171762360586e+01,-3.879074814655506032e+01,-7.526200683956527193e+00,-1.052738504683530252e+01,1.195312337735250452e+01,-9.063609292024343844e+00,-4.648575684640138483e+00,3.679495397527866807e+00,-8.717455368025590623e-01
-2.704441221476833945e+01,-6.456467499874096738e+00,-7.881108290651644666e+01,2.372333418784604575e+01,1.615760286220784181e+01,3.753303060523367662e+01,8.109149133028244805e+00,-5.235995918623001444e+01,-3.781511471003054936e+01,1.800702306789329654e+01
-3.748025212446432164e+01,3.227400257254056992e+00,-9.225409193329878121e+01,-1.161411168414371886e+01,9.814928835104838045e-01,-7.107113819485588735e-01,-1.791636568356281245e+01,-3.949654616363726234e+01,-2.845192210204250927e+01,3.005342329633597132e+01
-2.314742705682696666e+01,-1.177465134090480881e+01,-6.511943668432964216e+01,1.496411028928867282e+01,-6.669938194058097736e+00,2.606936544360443619e+01,-1.730974104269043679e+01,-3.362451550736683004e+01,-1.780115174149810642e+01,1.490637093747488429e+01
-2.343005567366796527e+01,-2.438689118777906017e+01,-5.320964960748327854e+01,3.177807883919112619e-01,-1.243337193735127322e+01,1.302740922925435285e+01,-3.832880388486123113e+00,-1.245385705927436071e+01,-4.973740353063530684e+00,-4.664394757948508996e+00
6.568890372890028750e+00,5.870361850783910818e+00,4.051496789967750090e+01,8.228133324735134480e+00,-1.190203953123742409e+01,-3.424894827181559975e+01,1.457263729830509291e+01,1.710772218056272820e+01,-2.573268912949344056e+01,8.542170923350145273e+00
9.408140551698304321e+00,4.661014139954475866e+01,5.388239967729897018e+01,-6.906696085290980669e+00,-1.324311537110362647e+00,-2.763728551171406167e+01,-7.150093566113073784e+00,-2.328926613160324521e+01,-4.001397722479809005e+01,4.833803505272015144e+01
-1.143352453454670226e+01,-3.141968232496908442e+01,-5.110782150391350598e+01,1.775734317439268395e+01,-1.153353517896220382e+01,2.735373430438202469e+00,-9.176270444778300561e-02,1.245244836109105435e+01,-3.268979904589300212e+00,-6.336774376949954934e+00
-4.099570032084047710e+01,1.252810200057935042e+01,-4.783145227886546991e+01,-7.396973793712239065e+00,-3.345293504641316673e+01,2.270825895021145513e+01,4.254498089830524243e+00,-2.675836454888026594e+01,-2.530531640606247379e+01,1.376895523370278518e+01
-1.792643209175795604e+01,6.832700581587052291e+00,-4.483390583259004813e+01,-2.362211310535359488e+00,8.187305941108217411e+00,8.162545034813504241e-01,5.656706162515280134e+00,-4.014882198662358093e+01,-4.310395462127365818e+01,2.479592056709324055e+01
2.764239637497108149e+01,8.600942316247069641e+01,1.404504202041115661e+02,-1.487016717280804556e+01,8.052373095997857888e+00,3.813411744072423204e+01,-2.454202060092872628e+01,-6.800357854653678658e+01,-1.678941160365121377e+01,2.301057083873660503e+01
-2.452855549745720154e+01,-1.625251144061831354e+01,-4.313275025568316323e+01,-9.514620793999496229e+00,-2.125705401500178837e+01,-2.289421551722907111e+01,-4.652860790583487116e+00,5.566088632483979559e+00,-1.960106319888637927e+01,1.225262187683560455e+01
-2.065346413151040394e+01,-3.181210211382748909e+01,-5.194337714704339248e+01,-2.306237431059610543e+00,-1.392789518207343313e+01,-8.891610644060586210e+00,-8.950505913452202478e+00,9.143745982412244899e+00,-5.741330084011213586e+00,1.242728056922578617e+01
-3.263938534973931382e+01,-2.255172182608091802e+01,-6.814225089534832591e+01,-2.610112822528407595e+00,-1.808983562157243341e+01,1.932232255495134998e+00,3.701412307680496117e+00,2.014976433453426807e+01,-7.467799452135462701e+00,-8.660440973506815965e+00
1.056416746420405595e+01,5.216335058413962855e+01,8.927599860020133349e+01,1.475190428825901279e+01,-2.855430629053287817e+01,-5.233752038448130151e+01,8.959009487632545898e+00,1.268758308354626774e+00,-3.618578003311090896e+01,3.059648606393099257e+01
7.418142726385260843e+00,3.924650475870100763e+01,8.400085117243246202e+01,2.459283995395221822e+01,-9.554220368931160223e+00,-3.659750299050307376e+01,2.901449160301155672e+01,-1.260013152428533845e+00,-4.601418160509502542e+01,1.481731975735582196e+01
1.257146877320193923e+01,-1.307965015264925768e+01,-1.999954582588902241e+01,-3.278940752972582828e+01,1.011129900287109074e+01,-2.314259517847442638e+01,-2.489274900609600394e+01,1.421214563541063036e+01,-2.822061419561163298e+00,1.213205572295028922e+01
-4.529416916986265917e+00,-2.027006273520112956e+01,-5.462311113428233256e+01,2.232642210497699509e+01,6.948929468437763379e-01,2.999470560419165155e-01,1.551528966288287492e+01,-5.640585600347135298e+00,-3.672782546338121534e+01,1.181162898271138140e+01
-3.599285752817762329e+01,-4.861695220507188608e+00,-7.200178088620590700e+01,-2.173074117253705850e+01,-3.126005875685892121e+01,-2.919543826462024927e-01,-2.099710042008324606e+01,-4.967880153915430697e+00,-2.505498747366157275e+01,2.399811889222693750e+01
-7.067774160275526185e+00,-3.052366145600661085e+01,-4.271695861343113876e+01,3.745550563641673847e+01,-5.769892151887525245e+00,-9.457560976481616422e+00,1.817143354225046181e+01,2.196973674358979167e+01,-1.335296191736677152e+01,-6.437340261600291491e+00
6.095865251469007262e+01,6.513560814540184651e+01,1.230089484641641491e+02,-2.025057896056344120e+01,9.765000280476748173e+00,-4.180593372409203567e+01,-1.597720779800518009e+01,2.867524507155112090e+01,-3.386623026935093606e+01,2.816322782924468626e+01
-1.633920713615673392e+01,-2.987631557609648070e+01,-6.226522039965427524e+01,1.886495763121273939e+01,-2.392327827336493962e-01,1.847658412333122868e+01,-1.178745601046938241e+01,-6.448650177165841768e+00,-7.177784124171934010e+00,3.559177042226854493e+00
-6.859114302475390446e+00,-2.053519207734639451e+01,-5.307987532657648444e+01,4.189982972706766162e+01,-1.264517618574843816e+01,1.464112146796931135e+01,-6.317389021107703284e-01,-9.881191063790437212e+00,-2.173472091234533821e+01,1.386118015194718289e+01
-2.838563774507521487e+01,-3.453380019060052319e+01,-7.808623480421877616e+01,2.228976623526974166e+01,-1.596611032163506216e+01,-1.620286804995609131e+01,1.941878120166728561e+00,1.138954485534886985e+01,-1.568947824564344096e+01,2.792200768194616600e+00
-1.663564433881794002e+01,-3.847787476735450962e+00,-2.532478047655173725e+01,-4.156680129814819935e+00,-2.220375714392817557e+01,-2.079855931479472986e+01,-1.959152745120696082e+01,-1.182481241231262814e+01,-1.419485264830522908e+01,3.289334090298221014e+01
1.010122661836296665e+01,7.289543984006354727e+00,3.703013566976883197e+01,8.759138917194986274e-01,-2.138188637625978217e+01,-3.797009290876236776e+01,6.078453747691557219e+00,1.516035729625830797e+01,-2.214217646783927762e+01,1.648597567739906822e+01
-2.167502592228194302e+01,-3.143510937685794815e+01,-6.327990231361613382e+01,3.930084080778347300e+01,-1.210563303873713714e+01,2.367568306950172996e+01,1.428609184677066324e+01,-7.663483120483634004e+00,1.848538137233943501e-01,-9.308950353048299320e+00
-3.661466113381814580e+01,-2.221640057294525050e+01,-1.871785150928914732e+01,2.687400204639619616e+01,-2.108549967068080733e+01,-1.272314312313720164e+00,1.323827916765171686e+01,6.778425398248443479e+00,-3.937535696562254328e-01,-8.663528007563281008e+00
-2.915399960348380404e+01,-7.364037658943477282e+00,-5.415065814652911058e+01,-1.507682019403364748e+01,-8.800249405847425876e+00,-1.208360488075172512e+01,-2.775198382482069803e+01,-4.951019271309079706e+00,6.950766770477720513e+00,1.693875954187345556e+01
2.674199433049583519e+01,-5.629599288019123016e+00,2.202817960380171769e+01,7.054841479540026938e+00,4.054722118482077420e+00,-6.142766346568204305e+00,-1.506082210066921512e+01,4.241292624336279182e+00,-2.391903919881429275e+01,1.675693104093372909e+01
